pre,parts,n_parts,n_syn,n_targets
720575941535975873,"('leg', 'neck', 'wing')",3,6522,131
720575941556851027,"('leg', 'neck', 'wing')",3,4691,213
720575941497151102,"('leg', 'neck', 'wing')",3,4048,205
720575941572471454,"('leg', 'neck', 'wing')",3,3811,163
720575941635137952,"('leg', 'neck', 'wing')",3,3555,167
720575941519463278,"('leg', 'neck', 'wing')",3,2565,155
720575941486437954,"('leg', 'neck', 'wing')",3,2171,155
720575941652728049,"('leg', 'neck', 'wing')",3,1797,135
720575941640505375,"('leg', 'neck', 'wing')",3,1735,124
720575941631013090,"('leg', 'neck', 'wing')",3,1610,124
720575941395392918,"('leg', 'neck', 'wing')",3,1509,143
720575941641280885,"('leg', 'neck', 'wing')",3,1403,136
720575941613418716,"('leg', 'neck', 'wing')",3,1372,17
720575941492471502,"('leg', 'neck', 'wing')",3,1210,127
720575941533704067,"('leg', 'neck', 'wing')",3,1041,46
720575941514447097,"('leg', 'neck', 'wing')",3,1028,25
720575941496676295,"('leg', 'neck', 'wing')",3,1004,26
720575941441633883,"('leg', 'neck', 'wing')",3,966,117
720575941431097737,"('leg', 'neck', 'wing')",3,926,115
720575941552009727,"('leg', 'neck', 'wing')",3,924,28
720575941400290851,"('leg', 'neck', 'wing')",3,847,33
720575941581684601,"('leg', 'neck', 'wing')",3,783,23
720575941462261188,"('leg', 'neck', 'wing')",3,765,46
720575941574984201,"('leg', 'neck', 'wing')",3,734,86
720575941463575748,"('leg', 'neck', 'wing')",3,717,14
720575941519866840,"('leg', 'neck', 'wing')",3,693,45
720575941574715208,"('leg', 'neck', 'wing')",3,691,17
720575941413642268,"('leg', 'neck', 'wing')",3,674,40
720575941507751447,"('leg', 'neck', 'wing')",3,654,39
720575941408639535,"('leg', 'neck', 'wing')",3,626,73
720575941733215019,"('leg', 'neck', 'wing')",3,506,35
720575941549243060,"('leg', 'neck', 'wing')",3,493,91
720575941510475536,"('leg', 'neck', 'wing')",3,488,43
720575941550687805,"('leg', 'neck', 'wing')",3,484,77
720575941456897005,"('leg', 'neck', 'wing')",3,440,42
720575941589304644,"('leg', 'neck', 'wing')",3,439,67
720575941640075551,"('leg', 'neck', 'wing')",3,428,38
720575941586371679,"('leg', 'neck', 'wing')",3,391,34
720575941413124779,"('leg', 'neck', 'wing')",3,390,24
720575941632059372,"('leg', 'neck', 'wing')",3,382,35
