target_id,neuromere,pt_root_id,module
3738,left_t1,720575941668683687,coxa_promote
3739,left_t1,720575941582911865,coxa_promote
3740,left_t1,720575941506261538,coxa_promote
3741,left_t1,720575941498960546,coxa_promote
3742,left_t1,720575941531923147,coxa_rotate_adduct
3743,left_t1,720575941455787245,coxa_rotate_adduct
3744,left_t1,720575941527847608,coxa_rotate_adduct
3745,left_t1,720575941548546696,coxa_posterior
3746,left_t1,720575941494164864,coxa_posterior
3747,left_t1,720575941518133464,coxa_posterior
3748,left_t1,720575941549009663,coxa_posterior
3749,left_t1,720575941625808330,coxa_posterior
3750,left_t1,720575941402088304,coxa_posterior
3751,left_t1,720575941639506207,trochanter_extend
3752,left_t1,720575941408338862,trochanter_extend
3753,left_t1,720575941642303944,trochanter_extend
3754,left_t1,720575941461333648,trochanter_extend
3755,left_t1,720575941507031612,trochanter_extend
3756,left_t1,720575941516874094,trochanter_extend
3757,left_t1,720575941483515389,trochanter_extend
3758,left_t1,720575941720479034,trochanter_extend
3759,left_t1,720575941511883985,trochanter_flex
3760,left_t1,720575941518851694,trochanter_flex
3761,left_t1,720575941532427754,trochanter_flex
3762,left_t1,720575941536923624,trochanter_flex
3763,left_t1,720575941527458562,trochanter_flex
3764,left_t1,720575941568724980,trochanter_flex
3765,left_t1,720575941524746573,trochanter_flex
3766,left_t1,720575941551356570,trochanter_flex
3767,left_t1,720575941545479868,trochanter_flex
3768,left_t1,720575941531504357,trochanter_flex
3769,left_t1,720575941573516296,trochanter_flex
3770,left_t1,720575941563973174,femur_reduct
3771,left_t1,720575941508205185,femur_reduct
3772,left_t1,720575941469052535,femur_reduct
3773,left_t1,720575941486064962,femur_reduct
3774,left_t1,720575941460703245,femur_reduct
3775,left_t1,720575941561204626,femur_reduct
3776,left_t1,720575941478577231,tibia_extend
3777,left_t1,720575941639281525,tibia_extend
3778,left_t1,720575941667370739,tibia_ta_flex_A
3779,left_t1,720575941488205769,tibia_ta_flex_A
3780,left_t1,720575941497568199,tibia_ta_flex_A
3781,left_t1,720575941542454876,tibia_ta_flex_A
3782,left_t1,720575941481179066,tibia_ta_flex_A
3783,left_t1,720575941515355795,tibia_ta_flex_A
3784,left_t1,720575941406488494,tibia_ta_flex_A
3785,left_t1,720575941643180901,tibia_ta_flex_A
3786,left_t1,720575941450546857,tibia_ta_flex_A
3787,left_t1,720575941590872171,tibia_ta_flex_A
3788,left_t1,720575941595856540,tibia_ta_flex_B
3789,left_t1,720575941610029642,tibia_ta_flex_B
3790,left_t1,720575941570833736,tibia_ta_flex_B
3791,left_t1,720575941479472258,tibia_ta_flex_B
3792,left_t1,720575941627155238,tibia_ta_flex_B
3793,left_t1,720575941464194902,tibia_ta_flex_B
3794,left_t1,720575941583323358,tibia_ta_flex_C
3795,left_t1,720575941524365337,ltm_A
3796,left_t1,720575941501929010,ltm_A
3797,left_t1,720575941505660801,ltm_B
3798,left_t1,720575941435830546,ltm_B
3799,left_t1,720575941411838612,ltm_B
3800,left_t1,720575941489123047,ltm_B
3801,left_t1,720575941464925462,ltm_B
3802,left_t1,720575941524748877,ltm_B
3803,left_t1,720575941561977088,tibia_ta_flex_B
3804,left_t1,720575941720492346,tibia_ta_flex_B
3805,left_t1,720575941621725948,tarsus_depress_ventralU
3806,left_t1,720575941611361811,tibia_ta_flex_C
3807,left_t2,720575941519664856,coxa_anterior
3808,left_t2,720575941558861839,coxa_anterior
3809,left_t2,720575941553503460,coxa_posterior
3810,left_t2,720575941556144100,coxa_posterior
3811,left_t2,720575941589657598,coxa_posterior
3812,left_t2,720575941645259128,coxa_posterior
3813,left_t2,720575941684824815,coxa_posterior
3814,left_t2,720575941476434996,trochanter_extend
3815,left_t2,720575941474769204,trochanter_extend
3816,left_t2,720575941471301728,trochanter_extend
3817,left_t2,720575941442381738,trochanter_extend
3818,left_t2,720575941595151237,trochanter_extend
3819,left_t2,720575941568553330,trochanter_extend
3820,left_t2,720575941443907754,trochanter_extend
3821,left_t2,720575941687653238,trochanter_extend
3822,left_t2,720575941554765722,trochanter_flex
3823,left_t2,720575941623130108,trochanter_flex
3824,left_t2,720575941613374172,trochanter_flex
3825,left_t2,720575941644192200,trochanter_flex
3826,left_t2,720575941691080155,trochanter_flex
3827,left_t2,720575941562367239,trochanter_flex
3828,left_t2,720575941471300960,trochanter_flex
3829,left_t2,720575941668553639,trochanter_flex
3830,left_t2,720575941481583814,trochanter_flex
3831,left_t2,720575941537008370,trochanter_flex
3832,left_t2,720575941637140597,femur_reduct
3833,left_t2,720575941637141109,femur_reduct
3834,left_t2,720575941483728326,femur_reduct
3835,left_t2,720575941470371851,femur_reduct
3836,left_t2,720575941554533438,femur_reduct
3837,left_t2,720575941494963582,femur_reduct
3838,left_t2,720575941497863497,tibia_extend
3839,left_t2,720575941552014452,tibia_extend
3840,left_t2,720575941501921419,tibia_ta_flex_A
3841,left_t2,720575941574626973,tibia_ta_flex_A
3842,left_t2,720575941497881417,tibia_ta_flex_A
3843,left_t2,720575941658392344,tibia_ta_flex_A
3844,left_t2,720575941459422623,tibia_ta_flex_A
3845,left_t2,720575941611369705,tibia_ta_flex_A
3846,left_t2,720575941556245156,tibia_ta_flex_A
3847,left_t2,720575941574383247,tibia_ta_flex_A
3848,left_t2,720575941611054154,tibia_ta_flex_A
3849,left_t2,720575941523135223,tibia_ta_flex_A
3850,left_t2,720575941447844430,tibia_ta_flex_B
3851,left_t2,720575941558995950,tibia_ta_flex_B
3852,left_t2,720575941542417500,tibia_ta_flex_B
3853,left_t2,720575941462096528,tibia_ta_flex_B
3854,left_t2,720575941505496610,tibia_ta_flex_B
3855,left_t2,720575941596095877,tibia_ta_flex_C
3856,left_t2,720575941491494606,ltm_A
3857,left_t2,720575941587334199,ltm_A
3858,left_t2,720575941631437548,ltm_A
3859,left_t2,720575941580680825,ltm_B
3860,left_t2,720575941512935779,ltm_B
3861,left_t2,720575941680979133,ltm_B
3862,left_t2,720575941547132040,ltm_B
3863,left_t2,720575941517661356,ltm_B
3864,left_t2,720575941611652627,ltm_B
3865,left_t2,720575941478122659,tibia_ta_flex_B
3866,left_t2,720575941623403116,tibia_ta_flex_B
3867,left_t2,720575941611707923,tibia_ta_flex_B
3868,left_t2,720575941409042603,tarsus_depress_ventralU
3869,left_t2,720575941577004881,tibia_ta_flex_C
3870,left_t3,720575941494740094,coxa_anterior
3871,left_t3,720575941538992021,coxa_anterior
3872,left_t3,720575941611945389,coxa_anterior
3873,left_t3,720575941537495489,coxa_posterior
3874,left_t3,720575941618260607,coxa_posterior
3875,left_t3,720575941679001021,coxa_posterior
3876,left_t3,720575941517726936,coxa_posterior
3877,left_t3,720575941525586507,coxa_posterior
3878,left_t3,720575941577119825,trochanter_extend
3879,left_t3,720575941500775137,trochanter_extend
3880,left_t3,720575941549899892,trochanter_extend
3881,left_t3,720575941578679121,trochanter_extend
3882,left_t3,720575941461179859,trochanter_extend
3883,left_t3,720575941482952867,trochanter_extend
3884,left_t3,720575941502849623,trochanter_extend
3885,left_t3,720575941434056663,trochanter_extend
3886,left_t3,720575941538762701,trochanter_flex
3887,left_t3,720575941531195595,trochanter_flex
3888,left_t3,720575941491272393,trochanter_flex
3889,left_t3,720575941554483354,trochanter_flex
3890,left_t3,720575941468774667,trochanter_flex
3891,left_t3,720575941631840453,trochanter_flex
3892,left_t3,720575941611319017,trochanter_flex
3893,left_t3,720575941497037218,trochanter_flex
3894,left_t3,720575941509003792,trochanter_flex
3895,left_t3,720575941632311739,trochanter_flex
3896,left_t3,720575941502759767,femur_reduct
3897,left_t3,720575941632094880,femur_reduct
3898,left_t3,720575941595299111,femur_reduct
3899,left_t3,720575941414478484,femur_reduct
3900,left_t3,720575941454495145,femur_reduct
3901,left_t3,720575941471839296,tibia_extend
3902,left_t3,720575941493231536,tibia_extend
3903,left_t3,720575941431160824,tibia_ta_flex_A
3904,left_t3,720575941521190835,tibia_ta_flex_A
3905,left_t3,720575941515898873,tibia_ta_flex_A
3906,left_t3,720575941487752144,tibia_ta_flex_A
3907,left_t3,720575941508440193,tibia_ta_flex_A
3908,left_t3,720575941643248328,tibia_ta_flex_A
3909,left_t3,720575941451737978,tibia_ta_flex_A
3910,left_t3,720575941409035691,tibia_ta_flex_A
3911,left_t3,720575941612256476,tibia_ta_flex_A
3912,left_t3,720575941454830131,tibia_ta_flex_A
3913,left_t3,720575941484865346,tibia_ta_flex_B
3914,left_t3,720575941612158026,tibia_ta_flex_B
3915,left_t3,720575941487732432,tibia_ta_flex_B
3916,left_t3,720575941526615554,tibia_ta_flex_B
3917,left_t3,720575941524172875,tibia_ta_flex_B
3918,left_t3,720575941528662438,tibia_ta_flex_B
3919,left_t3,720575941499865211,tibia_ta_flex_C
3920,left_t3,720575941461624845,ltm_B
3921,left_t3,720575941610567597,ltm_B
3922,left_t3,720575941689495515,ltm_B
3923,left_t3,720575941415020572,ltm_B
3924,left_t3,720575941549456673,ltm_B
3925,left_t3,720575941496173947,ltm_B
3926,left_t3,720575941479728291,tibia_ta_flex_A
3927,left_t3,720575941482859718,tibia_ta_flex_A
3928,left_t3,720575941435859232,tibia_ta_flex_B
3929,left_t3,720575941480482755,tibia_ta_flex_B
3930,left_t3,720575941624174844,tarsus_depress_ventralU
3931,left_t3,720575941519179480,tibia_ta_flex_C
3932,right_t1,720575941518204888,coxa_promote
3933,right_t1,720575941428654255,coxa_promote
3934,right_t1,720575941592225831,coxa_promote
3935,right_t1,720575941556297811,coxa_promote
3936,right_t1,720575941692129243,coxa_rotate_adduct
3937,right_t1,720575941531180261,coxa_rotate_adduct
3938,right_t1,720575941499964555,coxa_rotate_adduct
3939,right_t1,720575941691007896,coxa_posterior
3940,right_t1,720575941593715569,coxa_posterior
3941,right_t1,720575941559978797,coxa_posterior
3942,right_t1,720575941595712448,coxa_posterior
3943,right_t1,720575941636735861,coxa_posterior
3944,right_t1,720575941353301552,coxa_posterior
3945,right_t1,720575941593802373,trochanter_extend
3946,right_t1,720575941568546418,trochanter_extend
3947,right_t1,720575941523368779,trochanter_extend
3948,right_t1,720575941478281440,trochanter_extend
3949,right_t1,720575941667380979,trochanter_extend
3950,right_t1,720575941593843589,trochanter_extend
3951,right_t1,720575941411709073,trochanter_extend
3952,right_t1,720575941508453761,trochanter_extend
3953,right_t1,720575941391252886,trochanter_flex
3954,right_t1,720575941574013085,trochanter_flex
3955,right_t1,720575941505568069,trochanter_flex
3956,right_t1,720575941399414563,trochanter_flex
3957,right_t1,720575941450561358,trochanter_flex
3958,right_t1,720575941579753849,trochanter_flex
3959,right_t1,720575941656372304,trochanter_flex
3960,right_t1,720575941504396567,trochanter_flex
3961,right_t1,720575941527171000,trochanter_flex
3962,right_t1,720575941623147978,trochanter_flex
3963,right_t1,720575941564818688,trochanter_flex
3964,right_t1,720575941553597502,femur_reduct
3965,right_t1,720575941566924135,femur_reduct
3966,right_t1,720575941649909489,femur_reduct
3967,right_t1,720575941608273226,femur_reduct
3968,right_t1,720575941631837856,femur_reduct
3969,right_t1,720575941448798133,femur_reduct
3970,right_t1,720575941605019582,tibia_extend
3971,right_t1,720575941488287797,tibia_extend
3972,right_t1,720575941557543918,tibia_ta_flex_A
3973,right_t1,720575941580731001,tibia_ta_flex_A
3974,right_t1,720575941551010695,tibia_ta_flex_A
3975,right_t1,720575941623218172,tibia_ta_flex_A
3976,right_t1,720575941547393825,tibia_ta_flex_A
3977,right_t1,720575941630970604,tibia_ta_flex_A
3978,right_t1,720575941590014007,tibia_ta_flex_A
3979,right_t1,720575941447846990,tibia_ta_flex_A
3980,right_t1,720575941526437988,tibia_ta_flex_A
3981,right_t1,720575941559281679,tibia_ta_flex_A
3982,right_t1,720575941494146176,tibia_ta_flex_B
3983,right_t1,720575941469045111,tibia_ta_flex_B
3984,right_t1,720575941430029449,tibia_ta_flex_B
3985,right_t1,720575941549819710,tibia_ta_flex_B
3986,right_t1,720575941452885043,tibia_ta_flex_B
3987,right_t1,720575941565553920,tibia_ta_flex_C
3988,right_t1,720575941524966169,ltm_A
3989,right_t1,720575941592581671,ltm_A
3990,right_t1,720575941538128626,ltm_B
3991,right_t1,720575941640958053,ltm_B
3992,right_t1,720575941511197516,ltm_B
3993,right_t1,720575941439667986,ltm_B
3994,right_t1,720575941501926706,ltm_B
3995,right_t1,720575941488203209,ltm_B
3996,right_t1,720575941626654410,tibia_ta_flex_A
3997,right_t1,720575941571652616,tibia_ta_flex_B
3998,right_t1,720575941496126793,tibia_ta_flex_B
3999,right_t1,720575941560573608,tarsus_depress_medial
4000,right_t1,720575941722047290,tarsus_depress_ventralU
4001,right_t1,720575941561433746,tibia_ta_flex_C
4002,right_t2,720575941568355066,coxa_anterior
4003,right_t2,720575941480138976,coxa_anterior
4004,right_t2,720575941644474312,coxa_posterior
4005,right_t2,720575941565315638,coxa_posterior
4006,right_t2,720575941536577880,coxa_posterior
4007,right_t2,720575941591121463,coxa_posterior
4008,right_t2,720575941491293415,coxa_posterior
4009,right_t2,720575941500579913,trochanter_extend
4010,right_t2,720575941549915252,trochanter_extend
4011,right_t2,720575941573346120,trochanter_extend
4012,right_t2,720575941506034049,trochanter_extend
4013,right_t2,720575941574008502,trochanter_extend
4014,right_t2,720575941470082423,trochanter_extend
4015,right_t2,720575941563271058,trochanter_extend
4016,right_t2,720575941534943937,trochanter_extend
4017,right_t2,720575941350444592,trochanter_flex
4018,right_t2,720575941404729712,trochanter_flex
4019,right_t2,720575941594091397,trochanter_flex
4020,right_t2,720575941553691876,trochanter_flex
4021,right_t2,720575941631437292,trochanter_flex
4022,right_t2,720575941569766302,trochanter_flex
4023,right_t2,720575941733197355,trochanter_flex
4024,right_t2,720575941642450021,trochanter_flex
4025,right_t2,720575941610358761,trochanter_flex
4026,right_t2,720575941459438224,trochanter_flex
4027,right_t2,720575941507883649,femur_reduct
4028,right_t2,720575941415175196,femur_reduct
4029,right_t2,720575941513362252,femur_reduct
4030,right_t2,720575941478307380,femur_reduct
4031,right_t2,720575941505580066,femur_reduct
4032,right_t2,720575941585484766,femur_reduct
4033,right_t2,720575941432965902,tibia_extend
4034,right_t2,720575941478187841,tibia_extend
4035,right_t2,720575941685804044,tibia_ta_flex_A
4036,right_t2,720575941641008741,tibia_ta_flex_A
4037,right_t2,720575941434753568,tibia_ta_flex_A
4038,right_t2,720575941474499377,tibia_ta_flex_A
4039,right_t2,720575941573687049,tibia_ta_flex_A
4040,right_t2,720575941641621330,tibia_ta_flex_A
4041,right_t2,720575941558562093,tibia_ta_flex_A
4042,right_t2,720575941641623327,tibia_ta_flex_A
4043,right_t2,720575941505891422,tibia_ta_flex_A
4044,right_t2,720575941589587710,tibia_ta_flex_A
4045,right_t2,720575941555493156,tibia_ta_flex_B
4046,right_t2,720575941543648105,tibia_ta_flex_B
4047,right_t2,720575941519971511,tibia_ta_flex_B
4048,right_t2,720575941556850771,tibia_ta_flex_B
4049,right_t2,720575941436960735,tibia_ta_flex_B
4050,right_t2,720575941535897098,tibia_ta_flex_B
4051,right_t2,720575941587428151,tibia_ta_flex_C
4052,right_t2,720575941609393766,ltm_A
4053,right_t2,720575941454080237,ltm_A
4054,right_t2,720575941527245496,ltm_B
4055,right_t2,720575941611750419,ltm_B
4056,right_t2,720575941638063391,ltm_B
4057,right_t2,720575941542738524,ltm_B
4058,right_t2,720575941591037547,ltm_B
4059,right_t2,720575941479987619,ltm_B
4060,right_t2,720575941425056084,tibia_ta_flex_B
4061,right_t2,720575941485233616,tibia_ta_flex_B
4062,right_t2,720575941627243372,tarsus_depress_ventralU
4063,right_t2,720575941568502631,tibia_ta_flex_C
4064,right_t2,720575941481071802,tibia_ta_flex_C
4065,right_t3,720575941438181205,coxa_anterior
4066,right_t3,720575941574355016,coxa_anterior
4067,right_t3,720575941503422187,coxa_anterior
4068,right_t3,720575941562065920,coxa_posterior
4069,right_t3,720575941481621501,coxa_posterior
4070,right_t3,720575941633243067,coxa_posterior
4071,right_t3,720575941562150568,coxa_posterior
4072,right_t3,720575941498748489,coxa_posterior
4073,right_t3,720575941688270744,trochanter_extend
4074,right_t3,720575941530206155,trochanter_extend
4075,right_t3,720575941649945329,trochanter_extend
4076,right_t3,720575941573784990,trochanter_extend
4077,right_t3,720575941488644300,trochanter_extend
4078,right_t3,720575941623920586,trochanter_extend
4079,right_t3,720575941604612086,trochanter_extend
4080,right_t3,720575941543372649,trochanter_extend
4081,right_t3,720575941559306355,trochanter_flex
4082,right_t3,720575941451840425,trochanter_flex
4083,right_t3,720575941606209726,trochanter_flex
4084,right_t3,720575941572050077,trochanter_flex
4085,right_t3,720575941527948932,trochanter_flex
4086,right_t3,720575941578439513,trochanter_flex
4087,right_t3,720575941610608604,trochanter_flex
4088,right_t3,720575941445324564,trochanter_flex
4089,right_t3,720575941665281011,trochanter_flex
4090,right_t3,720575941531470821,trochanter_flex
4091,right_t3,720575941513385306,trochanter_flex
4092,right_t3,720575941559314989,femur_reduct
4093,right_t3,720575941501934423,femur_reduct
4094,right_t3,720575941431976718,femur_reduct
4095,right_t3,720575941524856164,femur_reduct
4096,right_t3,720575941525308582,tibia_extend
4097,right_t3,720575941470212471,tibia_extend
4098,right_t3,720575941627566474,tibia_ta_flex_A
4099,right_t3,720575941633843141,tibia_ta_flex_A
4100,right_t3,720575941521271475,tibia_ta_flex_A
4101,right_t3,720575941538082453,tibia_ta_flex_A
4102,right_t3,720575941633013484,tibia_ta_flex_A
4103,right_t3,720575941431154647,tibia_ta_flex_A
4104,right_t3,720575941625549211,tibia_ta_flex_A
4105,right_t3,720575941602293177,tibia_ta_flex_A
4106,right_t3,720575941410034859,tibia_ta_flex_A
4107,right_t3,720575941584932486,tibia_ta_flex_A
4108,right_t3,720575941572076445,tibia_ta_flex_B
4109,right_t3,720575941532464562,tibia_ta_flex_B
4110,right_t3,720575941642444449,tibia_ta_flex_B
4111,right_t3,720575941517889708,tibia_ta_flex_B
4112,right_t3,720575941631454246,tibia_ta_flex_B
4113,right_t3,720575941496149473,tibia_ta_flex_B
4114,right_t3,720575941630145989,tibia_ta_flex_B
4115,right_t3,720575941463793552,tibia_ta_flex_C
4116,right_t3,720575941489684937,ltm_A
4117,right_t3,720575941475791722,ltm_A
4118,right_t3,720575941428327160,ltm_B
4119,right_t3,720575941573296822,ltm_B
4120,right_t3,720575941507209029,ltm_B
4121,right_t3,720575941655736344,ltm_B
4122,right_t3,720575941486583046,ltm_B
4123,right_t3,720575941447103669,ltm_B
4124,right_t3,720575941552926747,tibia_ta_flex_B
4125,right_t3,720575941610064102,tibia_ta_flex_B
4126,right_t3,720575941576608413,tibia_ta_flex_B
4127,right_t3,720575941503128626,tarsus_depress_ventralU
4128,left_right_t1,720575941400501795,VUM
4129,left_right_t1,720575941457290733,VUM
4130,left_right_t2,720575941529322884,VUM
4131,left_right_t3,720575941572940943,VUM
4132,left_right_t3,720575941644108961,VUM
