repo_path,source,project,stage,status,runs_in,libs,args,paths,what,note,bytes,modified,sha1
blender/banc/banc_bodyparts.py,D:\Meshes\banc_bodyparts.py,banc,select,current,venv,caveclient pandas,,D:\Meshes\banc,Label each of the descending neuron's targets with the body part it innervates.,CAVE queries that choose or describe the cast; venv,1959,2026-07-30,c4f8c9081d13
blender/banc/banc_dng100_webp.py,D:\Meshes\banc_dng100_webp.py,banc,encode,current,venv,PIL,,C:\Users\amyle\Documents\New project\banc-explorer\public ; D:\Meshes\renders\layers\banc-walk-speed-dng100-seq ; D:\Meshes\renders\layers\banc-walk-speed-dng100.png,"Encode the DNg100 walking-speed layer to lossless WebP, and audit the alpha.",,3932,2026-08-02,633b76d30789
blender/banc/banc_dng12_anim.py,D:\Meshes\banc_dng12_anim.py,banc,animate,superseded,Blender 4.4,,device outdir rest samples sigma skelalpha skelr tail,D:\Meshes\banc\dng12_polarity.npz ; D:\Meshes\banc\dng12_population.json ; D:\Meshes\banc\walking_steering_camera.json ; D:\Meshes\banc\walking_steering_dec ; D:\Meshes\renders\layers\groom-head-dng12,16-frame explanatory signal sequence for the BANC DNg12 population.,generalised into banc_signal_anim.py,10639,2026-08-01,604f4831a46e
blender/banc/banc_dng12_polarity.py,D:\Meshes\banc_dng12_polarity.py,banc,fields,superseded,venv,caveclient scipy,,D:\Meshes\banc\dng12_polarity.npz ; D:\Meshes\banc\dng12_polarity_audit.json ; D:\Meshes\banc\dng12_population.json,"Skeletons, synapse polarity and geodesic path distance for the DNg12 population.",generalised into banc_signal_polarity.py,6915,2026-08-01,ec4f352f10fd
blender/banc/banc_dnp03_identify.py,D:\Meshes\banc_dnp03_identify.py,banc,select,current,venv,caveclient cloudvolume,,D:\Meshes\banc\dnp03_candidates.json,Resolve DNp03 in BANC v888 before anything is rendered.,CAVE queries that choose or describe the cast; venv,7520,2026-08-01,24ecf18e36f5
blender/banc/banc_flight_dodge_anim.py,D:\Meshes\banc_flight_dodge_anim.py,banc,animate,current,Blender 4.4,,device outdir samples side,D:\Meshes\banc\walking_steering_camera.json ; D:\Meshes\banc\walking_steering_dec,"12-frame quick-dodge pulse for DNp03, one sequence per anatomical hemisphere.",,8061,2026-08-01,09f015199005
blender/banc/banc_flight_dodge_qc.py,D:\Meshes\banc_flight_dodge_qc.py,banc,qc,current,venv,PIL,,C:\Users\amyle\Documents\New project\banc-explorer-dng100\public ; D:\Meshes\banc\dnp03_candidates.json ; D:\Meshes\banc\walking_steering_camera.json ; D:\Meshes\renders\layers ; D:\Meshes\renders\layers\flight-dodge ; D:\Meshes\renders\layers\flight-dodge\qc,Encode the quick-dodge sequences and produce the QC deliverables.,,12621,2026-08-03,2da083a60d64
blender/banc/banc_grooming_identify.py,D:\Meshes\banc_grooming_identify.py,banc,select,current,venv,caveclient pandas,,D:\Meshes\banc\cell_info_tags_v888.json ; D:\Meshes\banc\grooming_identity.json,Identification gate for the grooming job: DNg12 and wPN1 in BANC v888.,CAVE queries that choose or describe the cast; venv,5636,2026-08-01,d57a06485348
blender/banc/banc_grooming_qc.py,D:\Meshes\banc_grooming_qc.py,banc,qc,current,venv,PIL,,C:\Users\amyle\Documents\New project\banc-explorer\public ; D:\Meshes\banc\dng12_groups.json ; D:\Meshes\banc\dng12_polarity.npz ; D:\Meshes\banc\dng12_polarity_audit.json ; D:\Meshes\banc\dng12_population.json ; D:\Meshes\banc\grooming_identity.json ; D:\Meshes\banc\walking_steering_camera.json ; D:\Meshes\banc\walking_steering_dec,QC for the DNg12 grooming assets: encode the sequence and audit everything.,,14890,2026-08-01,db3e5daaf99e
blender/banc/banc_label.py,D:\Meshes\banc_label.py,banc,encode,current,venv,PIL,,D:\Meshes\banc,Draw a colour key onto a BANC render.,,2939,2026-07-30,1e61b88e7a4b
blender/banc/banc_layer_stats.py,D:\Meshes\banc_layer_stats.py,banc,select,current,venv,caveclient,,C:\Users\amyle\Documents\New project\banc-explorer-dng100\app\data\layer-stats.json ; D:\Meshes\banc\walking_steering_layers.json,"Count cells and synapses per app layer, so the HUD stats are measured.",CAVE queries that choose or describe the cast; venv,3122,2026-08-03,ecc3afb78659
blender/banc/banc_layers_backlog.ps1,D:\Meshes\banc_layers_backlog.ps1,banc,run,current,PowerShell,,,C:\Program Files\Blender Foundation\Blender 4.4\blender.exe ; D:\Meshes\banc_walkingsteering_poster.py ; D:\Meshes\renders\layers,"Render every banc-explorer layer that is missing, static and pulse.",launch Blender directly for minutes-long layer stills; check the GPU is free first,2039,2026-08-03,b0e08c167ae3
blender/banc/banc_layers_webp.py,D:\Meshes\banc_layers_webp.py,banc,encode,current,venv,PIL,dry dst src,C:\Users\amyle\Documents\New project\banc-explorer\public ; D:\Meshes\renders\layers,"Encode every rendered banc-explorer layer to lossless WebP, and audit the alpha.",,4402,2026-08-03,9732c713767e
blender/banc/banc_render.py,D:\Meshes\banc_render.py,banc,animate,superseded,Blender 4.4,,flip lens margin out res samples shot,D:\Meshes\banc ; D:\Meshes\ca3_animation.py,"First look at a BANC cast in Blender, reusing the CA3 look.",first look still; the shot scripts replace it,7797,2026-07-30,e06a8a28e00a
blender/banc/banc_shotA_cast.py,D:\Meshes\banc_shotA_cast.py,banc,select,current,venv,caveclient pandas,,D:\Meshes\banc,"Shot A cast: the T1 left local loop, chosen from connectivity.",CAVE queries that choose or describe the cast; venv,5182,2026-07-30,6f4e25ee65b7
blender/banc/banc_shotB_anim.py,D:\Meshes\banc_shotB_anim.py,banc,animate,current,Blender 4.4,,frames out overlay res samples still stills,D:\Meshes\.venv\Scripts\python.exe ; D:\Meshes\banc ; D:\Meshes\banc_shotB_overlay.py ; D:\Meshes\ca3_animation.py ; D:\Meshes\renders ; D:\Meshes\renders\banc_shotB.mp4 ; D:\Meshes\renders\banc_shotB_beat,"Shot B: one descending neuron, many body parts.",the model for frames= res= samples= out= stills=,18301,2026-08-04,81daddf22624
blender/banc/banc_shotB_overlay.py,D:\Meshes\banc_shotB_overlay.py,banc,encode,current,venv,PIL,beats frames out,D:\Meshes\renders\shotB_beats.json,"Label the BANC descending neuron film, so it says what it is showing.",,9757,2026-08-06,03a8517168b1
blender/banc/banc_signal_anim.py,D:\Meshes\banc_signal_anim.py,banc,animate,current,Blender 4.4,,color device frames outdir polarity pop rest samples sigma skelalpha skelr tail,D:\Meshes\banc\dng12_polarity.npz ; D:\Meshes\banc\dng12_population.json ; D:\Meshes\banc\walking_steering_camera.json ; D:\Meshes\banc\walking_steering_dec ; D:\Meshes\renders\layers\groom-head-dng12,16-frame explanatory signal sequence for the BANC DNg12 population.,,11578,2026-08-03,03542e4fa770
blender/banc/banc_signal_polarity.py,D:\Meshes\banc_signal_polarity.py,banc,fields,current,venv,caveclient scipy,,D:\Meshes\banc\dng12_polarity.npz ; D:\Meshes\banc\dng12_polarity_audit.json ; D:\Meshes\banc\dng12_population.json,"Skeletons, synapse polarity and geodesic path distance for any BANC cell set.","skeleton, synapse polarity and geodesic distance for any cell set; venv",7126,2026-08-03,1ffac3444086
blender/banc/banc_signal_qc.py,D:\Meshes\banc_signal_qc.py,banc,qc,current,venv,PIL,,D:\Meshes\renders\layers\context-base.png,Encode a signal sequence to WebP and audit it. Reusable for any batch.,,3483,2026-08-03,3579a4f30c8b
blender/banc/banc_walkingsteering_camera.py,D:\Meshes\banc_walkingsteering_camera.py,banc,import,current,venv,,,,"Derive a Blender camera from the live Neuroglancer camera, and PROVE it matches.",derives the Blender camera from the Neuroglancer matrices and proves it,7911,2026-07-31,d243b1dbe6cb
blender/banc/banc_walkingsteering_go.ps1,D:\Meshes\banc_walkingsteering_go.ps1,banc,run,current,PowerShell,,,C:\Program Files\Blender Foundation\Blender 4.4\blender.exe ; D:\Meshes\.venv\Scripts\python.exe ; D:\Meshes\banc\walking_steering_dec ; D:\Meshes\banc\walking_steering_layers.json ; D:\Meshes\banc_walkingsteering_decimate.py ; D:\Meshes\banc_walkingsteering_layers_webp.py ; D:\Meshes\banc_walkingsteering_poster.py ; D:\Meshes\banc_walkingsteering_webp.py,,launch Blender directly for minutes-long layer stills; check the GPU is free first,4030,2026-07-31,59c497fc16a2
blender/banc/banc_walkingsteering_layers_webp.py,D:\Meshes\banc_walkingsteering_layers_webp.py,banc,encode,current,venv,PIL,,C:\Users\amyle\Documents\New project\banc-explorer\public ; D:\Meshes\banc\walking_steering_layers.json ; D:\Meshes\renders\layers ; D:\Meshes\renders\layers\preview,Encode the four stacked layers to WebP and prove they are pixel aligned.,,4461,2026-08-03,1b60412b3a39
blender/banc/banc_walkingsteering_poster.py,D:\Meshes\banc_walkingsteering_poster.py,banc,animate,current,Blender 4.4,,device emit frames layer light meshes out pulse pulse_axis pulse_base pulse_glow pulse_width samples,D:\Meshes\banc\walking_steering_camera.json ; D:\Meshes\banc\walking_steering_dec ; D:\Meshes\banc\walking_steering_ids.json ; D:\Meshes\banc\walking_steering_layers.json ; D:\Meshes\renders\banc_walking_steering_poster.png ; D:\Meshes\renders\layers,"Render the BANC walking+steering poster: 81 neurons, transparent background.","Cycles, 1600x1200 transparent layers; also renders the pulse sequences",20778,2026-08-02,a7a094575b9b
blender/banc/banc_walkingsteering_webp.py,D:\Meshes\banc_walkingsteering_webp.py,banc,encode,current,venv,PIL,,D:\Meshes\renders\banc_walking_steering_poster.png ; D:\Meshes\renders\banc_walking_steering_poster_on_panel.png,"Encode the poster PNG to spec WebP, and audit the alpha rather than trust it.",,5673,2026-07-31,c67602f9c2d6
blender/banc/data/cast.json,D:\Meshes\banc\cast.json,banc,data,current,,,,,,lives at D:\Meshes\banc\ in production,3294,2026-07-30,836a6c984bae
blender/banc/data/descending_ranked.csv,D:\Meshes\banc\descending_ranked.csv,banc,data,current,,,,,,lives at D:\Meshes\banc\ in production,2267,2026-07-30,965e76c208a4
blender/banc/data/dn_endocrine.json,D:\Meshes\banc\dn_endocrine.json,banc,data,current,,,,,,lives at D:\Meshes\banc\ in production,149,2026-07-30,1d1b94c5b7f3
blender/banc/data/dn_targets.json,D:\Meshes\banc\dn_targets.json,banc,data,current,,,,,,lives at D:\Meshes\banc\ in production,3030,2026-07-30,25fec529180c
blender/banc/data/dng12_groups.json,D:\Meshes\banc\dng12_groups.json,banc,data,current,,,,,,lives at D:\Meshes\banc\ in production,3180,2026-08-01,c589656994e2
blender/banc/data/dng12_population.json,D:\Meshes\banc\dng12_population.json,banc,data,current,,,,,,lives at D:\Meshes\banc\ in production,675,2026-08-01,c549c1b82f31
blender/banc/data/dnp03_candidates.json,D:\Meshes\banc\dnp03_candidates.json,banc,data,current,,,,,,lives at D:\Meshes\banc\ in production,1370,2026-08-01,f7c7ee8c8246
blender/banc/data/epg_angles.json,D:\Meshes\banc\epg_angles.json,banc,data,current,,,,,,lives at D:\Meshes\banc\ in production,5804,2026-07-31,f19c295302c3
blender/banc/data/epg_camera.json,D:\Meshes\banc\epg_camera.json,banc,data,current,,,,,,lives at D:\Meshes\banc\ in production,772,2026-07-31,082e70017296
blender/banc/data/epg_sectors.json,D:\Meshes\banc\epg_sectors.json,banc,data,current,,,,,,lives at D:\Meshes\banc\ in production,4121,2026-07-31,a349d94cb49f
blender/banc/data/flight_batch_ids.json,D:\Meshes\banc\flight_batch_ids.json,banc,data,current,,,,,,lives at D:\Meshes\banc\ in production,914,2026-08-03,e4f50dbe83f2
blender/banc/data/leg_mn_with_neuromere_module.csv,D:\Meshes\banc\leg_mn_with_neuromere_module.csv,banc,data,current,,,,,,lives at D:\Meshes\banc\ in production,19047,2026-07-30,c61cabf70d96
blender/banc/data/pop_dng02.json,D:\Meshes\banc\pop_dng02.json,banc,data,current,,,,,,lives at D:\Meshes\banc\ in production,627,2026-08-03,4a5e67d1c879
blender/banc/data/pop_landing.json,D:\Meshes\banc\pop_landing.json,banc,data,current,,,,,,lives at D:\Meshes\banc\ in production,99,2026-08-03,027a60e89dd4
blender/banc/data/pop_mnb1_left.json,D:\Meshes\banc\pop_mnb1_left.json,banc,data,current,,,,,,lives at D:\Meshes\banc\ in production,27,2026-08-03,62d459e9d216
blender/banc/data/pop_mnb1_right.json,D:\Meshes\banc\pop_mnb1_right.json,banc,data,current,,,,,,lives at D:\Meshes\banc\ in production,27,2026-08-03,7810c8be51d3
blender/banc/data/shotA_groups.json,D:\Meshes\banc\shotA_groups.json,banc,data,current,,,,,,lives at D:\Meshes\banc\ in production,18495,2026-07-30,6c5e04884955
blender/banc/data/shotA_ids.json,D:\Meshes\banc\shotA_ids.json,banc,data,current,,,,,,lives at D:\Meshes\banc\ in production,15960,2026-07-30,4495fda3126b
blender/banc/data/shotB_beats.json,D:\Meshes\renders\shotB_beats.json,banc,data,current,,,,,,lives at D:\Meshes\renders\ in production,722,2026-08-04,a83a96fdef17
blender/banc/data/shotB_bodyparts.json,D:\Meshes\banc\shotB_bodyparts.json,banc,data,current,,,,,,lives at D:\Meshes\banc\ in production,8111,2026-07-30,b2b61f6e0287
blender/banc/data/walking_steering_camera.json,D:\Meshes\banc\walking_steering_camera.json,banc,data,current,,,,,,lives at D:\Meshes\banc\ in production,1275,2026-07-31,5c2be585f693
blender/banc/data/walking_steering_ids.json,D:\Meshes\banc\walking_steering_ids.json,banc,data,current,,,,,,lives at D:\Meshes\banc\ in production,9866,2026-08-03,c6b99f865b2e
blender/banc/data/walking_steering_layers.json,D:\Meshes\banc\walking_steering_layers.json,banc,data,current,,,,,,lives at D:\Meshes\banc\ in production,14368,2026-08-03,2e511757bfc2
blender/brain/hairy_brain_360.py,D:\Meshes\hairy_brain_360.py,brain,animate,current,Blender 4.4,,camdist camh curvepts debug device dotglow frames gold goldmax goldmode hairsubdiv haze hdri hdrirot hdristrength holocol huetilt interior length light lightfollow motes out palette,C:\Users\amyle\Downloads\human brain subcortical_obj\subcortical_obj ; C:\Users\amyle\Downloads\pial_Full_obj\pial_Full_obj\human brain lh.pial.obj ; C:\Users\amyle\Downloads\pial_Full_obj\pial_Full_obj\human bran rh.pial.obj ; D:\Meshes\renders\hairy_brain_360.mp4,"Hairy brain, 360 degree turntable.","human brain, Cycles; not a connectome project, here because it shares the queue",68672,2026-09-06,16cf333fbcc2
blender/brain/hairy_brain_cutaway.py,D:\Meshes\hairy_brain_cutaway.py,brain,animate,current,Blender 4.4,,huetilt length light out radius res samples strands,C:\Users\amyle\Downloads\human brain subcortical_obj\subcortical_obj ; C:\Users\amyle\Downloads\pial_Full_obj\pial_Full_obj ; D:\Meshes\renders\hairy_brain_cutaway.png,"Hairy brain, cutaway: the left cortex lifted off to show what sits under it.","human brain, Cycles; not a connectome project, here because it shares the queue",15792,2026-09-04,f8fa1af3d4fa
blender/ca3/ap_fields.py,D:\Meshes\ap_fields.py,ca3,fields,current,venv,pandas scipy,,D:\Meshes\renders\hero_outgoing.npy ; D:\Meshes\renders\mf_synapses.csv ; D:\Meshes\skeletons,Distance fields that an action potential can travel along.,"cable distance fields; run in the venv (scipy), handed to Blender as .npz",11028,2026-07-29,4e76d67f4d8e
blender/ca3/ap_fields6.py,D:\Meshes\ap_fields6.py,ca3,fields,current,venv,pandas scipy,,D:\Meshes\renders\mf_synapses.csv ; D:\Meshes\skeletons,Distance fields for all six mossy fibres onto the hero cell.,"cable distance fields; run in the venv (scipy), handed to Blender as .npz",3005,2026-07-29,3b7e284ff804
blender/ca3/ap_six.py,D:\Meshes\ap_six.py,ca3,animate,current,Blender 4.4,,arc camdist corridor cpeak cwidth dof flash fpeak frames fstop fwidth out res samples still sub wide,D:\Meshes\ca3_animation.py ; D:\Meshes\hero ; D:\Meshes\renders\ap_six.mp4 ; D:\Meshes\skeletons\ap_fields6.npz,"Six mossy fibres, two attempts, and only the second one fires the cell.",,17961,2026-07-29,9375b6fadc45
blender/ca3/ap_test.py,D:\Meshes\ap_test.py,ca3,animate,current,Blender 4.4,,aim arc camdist cpeak cwidth debug dof flash follow fpeak frames fstop fwidth out push res samples still wide,D:\Meshes\ca3_animation.py ; D:\Meshes\hero ; D:\Meshes\renders\ap_test.mp4 ; D:\Meshes\skeletons\ap_fields.npz,An action potential travelling real cable.,,23964,2026-07-29,cd643f9b4dbe
blender/ca3/build_cache.py,D:\Meshes\build_cache.py,ca3,import,current,Blender 4.4,,out synapses,D:\Meshes\ca3_animation.py ; D:\Meshes\ca3_scene.blend,Build the full scene once and save it as a .blend.,"imports every population once, saves ca3_scene.blend",1766,2026-07-29,08bb7fb2de95
blender/ca3/build_partner_cache.py,D:\Meshes\build_partner_cache.py,ca3,import,one-off,Blender 4.4,,,D:\Meshes\ca3_scene.blend ; D:\Meshes\ca3_scene_partners.blend ; D:\Meshes\hero ; D:\Meshes\partners ; D:\Meshes\partners_lite,One-off: bake the native hero + its 6 fibres + the 56 partner cells into a,,2993,2026-07-29,618613668931
blender/ca3/data/captions_population.json,D:\Meshes\captions_population.json,ca3,data,current,,,,D:\Meshes\renders\build_sequence_wide.mp4 ; D:\Meshes\renders\build_sequence_wide_cap.mp4,,,1888,2026-07-30,223d59a253d5
blender/ca3/data/captions_synapse.json,D:\Meshes\captions_synapse.json,ca3,data,current,,,,D:\Meshes\renders\synapse_story_wide.mp4 ; D:\Meshes\renders\synapse_story_wide_cap.mp4,,,1524,2026-07-31,cb16ea3c2445
blender/ca3/data/em_registration.json,D:\Meshes\renders\em_registration.json,ca3,data,current,,,,,,lives at D:\Meshes\renders\ in production,646,2026-07-30,7589d56703fd
blender/ca3/data/fibre_order.txt,D:\Meshes\renders\fibre_order.txt,ca3,data,current,,,,,,lives at D:\Meshes\renders\ in production,113,2026-07-29,15d79ad413c1
blender/ca3/data/hero_ids.txt,D:\Meshes\renders\hero_ids.txt,ca3,data,current,,,,,,lives at D:\Meshes\renders\ in production,133,2026-07-29,91a5502cf641
blender/ca3/export_web.py,D:\Meshes\export_web.py,ca3,encode,current,venv,pymeshlab trimesh,,C:\Users\amyle\ca3\web ; D:\Meshes\hero ; D:\Meshes\skeletons\ap_fields.npz,Web-sized meshes with the action potential field baked into vertex colours.,"GLB with the distance field packed into vertex colours, for the site",4318,2026-07-29,20742a952986
blender/ca3/gradient_sweep.py,D:\Meshes\gradient_sweep.py,ca3,animate,current,Blender 4.4,,band camdist dim frames out peak png samples shifty still,D:\Meshes\ca3_animation.py ; D:\Meshes\gradient ; D:\Meshes\gradient_scene.blend ; D:\Meshes\renders\gradient_sample.csv ; D:\Meshes\renders\gradient_sweep.mp4,"A band of light travels the cell layer, so the convergence result is watched, not asserted.",,9174,2026-07-29,bb180d461c00
blender/ca3/hero_full.py,D:\Meshes\hero_full.py,ca3,animate,current,Blender 4.4,,at beats cellact far farcell frames out parthold partneralpha purple res samples scope still transparent,D:\Meshes ; D:\Meshes\ca3_animation.py ; D:\Meshes\ca3_scene.blend ; D:\Meshes\ca3_scene_partners.blend ; D:\Meshes\hero ; D:\Meshes\inhibition_shot.py ; D:\Meshes\partners ; D:\Meshes\partners_lite,"The hero shot, but it actually pulls back to the whole population.","also the entry point for the inhibition shot, as scope=inhibition",29261,2026-07-30,492bd6e579e2
blender/ca3/hero_shot.py,D:\Meshes\hero_shot.py,ca3,animate,superseded,Blender 4.4,,frames out res samples still,D:\Meshes ; D:\Meshes\ca3_animation.py ; D:\Meshes\hero ; D:\Meshes\renders\hero_shot.mp4,"The hero shot: one thorny pyramidal cell, its mossy fibre boutons, then pull back.",builds its own scene from hero/ alone; hero_full.py replaces it,9881,2026-07-29,d24c683cb52f
blender/ca3/inhib_fields.py,D:\Meshes\inhib_fields.py,ca3,fields,current,venv,pandas scipy,rebuild,D:\Meshes\hq\inhibitory ca3 28\648518346437066458.obj ; D:\Meshes\renders ; D:\Meshes\skeletons ; D:\Meshes\sparsely thorny pyramidals ca3 68 ; D:\Meshes\thorny pyramidals ca3 250,Cable distance field for the feedforward inhibition shot.,"cable distance fields; run in the venv (scipy), handed to Blender as .npz",18848,2026-07-30,878f166bd095
blender/ca3/inhibition_shot.py,D:\Meshes\inhibition_shot.py,ca3,animate,current,Blender 4.4,,aimdrop arc axon dimmf dof far fill frames fstop lens margin mid near open peak shifty width,D:\Meshes\skeletons\inhib_fields.npz,Beats 1 to 7 of the selective feedforward inhibition shot.,not run on its own; driven by hero_full.py,34438,2026-07-30,ba29a521e0d1
blender/ca3/label_volume.py,D:\Meshes\label_volume.py,ca3,encode,current,venv,PIL,,D:\Meshes\renders\_vol_proj.json ; D:\Meshes\renders\_vol_raw.png ; D:\Meshes\renders\gallery\21_volume.png,Dimension labels on the volume diagram.,post passes in Pillow,2926,2026-07-30,7a58921b0bd7
blender/ca3/ladder_measure.py,D:\Meshes\ladder_measure.py,ca3,qc,current,venv,scipy PIL,,,"Measure the framing of the scale ladder test frames, instead of eyeballing it.",,2990,2026-07-30,9a94e902889e
blender/ca3/patch_cloud.py,D:\Meshes\patch_cloud.py,ca3,import,one-off,Blender 4.4,,,D:\Meshes\ca3_animation.py ; D:\Meshes\ca3_scene.blend,Rebuild just the synapse cloud inside the existing .blend.,,2326,2026-07-29,ce7533cfb6ac
blender/ca3/render_360.py,D:\Meshes\render_360.py,ca3,animate,superseded,Blender 4.4,,frames out reveal start turns,D:\Meshes\ca3_animation.py ; D:\Meshes\renders\ca3_360.mp4,Render the full 360 orbit as an mp4.,re-import 13 GB of OBJ on every run; render_from_cache.py replaces them,2785,2026-07-29,647074bb7afd
blender/ca3/render_from_cache.py,D:\Meshes\render_from_cache.py,ca3,animate,current,Blender 4.4,,blend frames out reveal start still synapses synreveal turns,D:\Meshes\ca3_animation.py ; D:\Meshes\ca3_scene.blend ; D:\Meshes\renders\from_cache.mp4,Render from the saved .blend instead of re-parsing 13 GB of OBJ.,use this for anything involving the full population,6896,2026-07-29,ec86e413c9c2
blender/ca3/render_gradient.py,D:\Meshes\render_gradient.py,ca3,animate,current,Blender 4.4,,cache camdist frames out samples shifty still view,D:\Meshes\ca3_animation.py ; D:\Meshes\gradient ; D:\Meshes\gradient_scene.blend ; D:\Meshes\renders\gradient_sample.csv ; D:\Meshes\renders\gradient_still.png,"The proximodistal convergence gradient, 304 real cells coloured by MF input count.",,11408,2026-07-29,dda2b46a4084
blender/ca3/render_still.py,D:\Meshes\render_still.py,ca3,animate,superseded,Blender 4.4,,,D:\Meshes\ca3_animation.py,Render one frame of the CA3 scene.,re-import 13 GB of OBJ on every run; render_from_cache.py replaces them,3596,2026-07-28,a17b07281f41
blender/ca3/runners/chain2.sh,D:\Meshes\chain2.sh,ca3,run,superseded,bash,,,D:\Meshes\renders\microns_column.png,"Fire the MICrONS render when decimation finishes OR at 07:35, whichever first.",launch Blender directly. The queue replaced all of these; kept for their measured camera values,1005,2026-07-30,b0cc98e2d1e4
blender/ca3/runners/chain3.sh,D:\Meshes\chain3.sh,ca3,run,superseded,bash,,,D:\Meshes\microns_hi ; D:\Meshes\renders\microns_column.png,,launch Blender directly. The queue replaced all of these; kept for their measured camera values,772,2026-07-30,7c16ef7ddcc2
blender/ca3/runners/chain_microns.sh,D:\Meshes\chain_microns.sh,ca3,run,superseded,bash,,,D:\Meshes\renders\microns_column.png,"wait for decimation, then render the column still",launch Blender directly. The queue replaced all of these; kept for their measured camera values,584,2026-07-30,d8c6b269e14b
blender/ca3/runners/framing_sweep.ps1,D:\Meshes\framing_sweep.ps1,ca3,run,superseded,PowerShell,,,C:\Program Files\Blender Foundation\Blender 4.4\blender.exe ; D:\Meshes\render_from_cache.py ; D:\Meshes\renders\framing,Dial in the vertical framing empirically. Cheap now that geometry comes from,launch Blender directly. The queue replaced all of these; kept for their measured camera values,1425,2026-07-29,9df4502c643f
blender/ca3/runners/render_ab.ps1,D:\Meshes\render_ab.ps1,ca3,run,superseded,PowerShell,,,C:\Program Files\Blender Foundation\Blender 4.4\blender.exe ; D:\Meshes\render_still.py,"Two full-population frames, identical except for the palette variant.",launch Blender directly. The queue replaced all of these; kept for their measured camera values,1070,2026-07-28,5ea15073538d
blender/ca3/runners/render_all.ps1,D:\Meshes\render_all.ps1,ca3,run,superseded,PowerShell,,,C:\Program Files\Blender Foundation\Blender 4.4\blender.exe ; C:\Users\amyle\ca3\video ; D:\Meshes\hero_shot.py ; D:\Meshes\renders ; D:\Meshes\synapse_story.py,"Render the two remaining animations back to back, then encode both for web.",launch Blender directly. The queue replaced all of these; kept for their measured camera values,1420,2026-07-29,f54d5129a665
blender/ca3/runners/render_ap_all.ps1,D:\Meshes\render_ap_all.ps1,ca3,run,superseded,PowerShell,,,C:\Program Files\Blender Foundation\Blender 4.4\blender.exe ; D:\Meshes\ap_test.py,"The three action potential cuts, then a web encode of each.",launch Blender directly. The queue replaced all of these; kept for their measured camera values,1130,2026-07-29,267f796cad4b
blender/ca3/runners/render_morning.ps1,D:\Meshes\render_morning.ps1,ca3,run,superseded,PowerShell,,,C:\Program Files\Blender Foundation\Blender 4.4\blender.exe ; D:\Meshes\hero_full.py ; D:\Meshes\scale_ladder.py,"The two built shots, serially. Launched 05:30 against an 08:30 deadline.",launch Blender directly. The queue replaced all of these; kept for their measured camera values,1530,2026-07-30,3659402855ba
blender/ca3/runners/render_tonight.ps1,D:\Meshes\render_tonight.ps1,ca3,run,superseded,PowerShell,,,C:\Program Files\Blender Foundation\Blender 4.4\blender.exe ; D:\Meshes\render_from_cache.py ; D:\Meshes\render_gradient.py ; D:\Meshes\synapse_story.py,Overnight render queue.,launch Blender directly. The queue replaced all of these; kept for their measured camera values,3708,2026-07-29,806ef466f4f9
blender/ca3/runners/rt_shadow_matrix.ps1,D:\Meshes\rt_shadow_matrix.ps1,ca3,run,superseded,PowerShell,,,C:\Program Files\Blender Foundation\Blender 4.4\blender.exe ; D:\Meshes\render_still.py ; D:\Meshes\renders\matrix,Controlled 2x2: does raytracing interact with shadows to explain the timing?,launch Blender directly. The queue replaced all of these; kept for their measured camera values,1158,2026-07-28,dbb9951c0e9c
blender/ca3/runners/run_sweep.ps1,D:\Meshes\run_sweep.ps1,ca3,run,current,PowerShell,,,C:\Program Files\Blender Foundation\Blender 4.4\blender.exe ; D:\Meshes\.venv\Scripts\python.exe ; D:\Meshes\renders\gradient_sweep.mp4 ; D:\Meshes\renders\gradient_sweep_web.mp4 ; D:\Meshes\renders\sweep_frames,"The arc sweep, in three passes, because the readout is composited rather than","the three pass pattern: PNG sequence, composite, encode. Queue the render pass rather than running this as is",1909,2026-07-29,36712af9b02c
blender/ca3/scale_ladder.py,D:\Meshes\scale_ladder.py,ca3,animate,current,Blender 4.4,,blockshift cache cellshift cpeak cwidth flared flash fpeak fstop fwidth maxcells out rblock rcell rcontact res samples still stills sub syne synflash synr,D:\Meshes,"The scale ladder. One block, one cell, one contact, one spike.",,51812,2026-07-30,6c2b59da966d
blender/ca3/skeletons/README.md,D:\Meshes\skeletons\README.md,ca3,notes,current,,,,D:\Meshes\skeletons\648518346438632877.npz ; D:\Meshes\skeletons\ap_paths.json,,,13454,2026-07-29,906a7f97a0e7
blender/ca3/skeletons/axon_step10_final.py,D:\Meshes\skeletons\axon_step10_final.py,ca3,fields,superseded,venv,scipy,,D:\Meshes\renders\hero_incoming_raw.npy ; D:\Meshes\renders\hero_outgoing_requery.pkl ; D:\Meshes\renders\hero_synapses.npy ; D:\Meshes\skeletons\648518346438632877.npz ; D:\Meshes\skeletons\_hero_vert2node.npz ; D:\Meshes\skeletons\_hero_verts.npy ; D:\Meshes\skeletons\_mesh_assign.npz ; D:\Meshes\skeletons\_node_metrics.npz,"Step 10: terminal-branch statistics inside the descending arbor, then write",axon and soma investigation for the hero cell,10472,2026-07-29,55efaee53bc4
blender/ca3/skeletons/axon_step11_verify.py,D:\Meshes\skeletons\axon_step11_verify.py,ca3,fields,superseded,venv,scipy matplotlib,,D:\Meshes\renders\hero_incoming_raw.npy ; D:\Meshes\renders\hero_outgoing_requery.pkl ; D:\Meshes\renders\hero_synapses.npy ; D:\Meshes\skeletons\648518346438632877.npz ; D:\Meshes\skeletons\_axon_mask_verify.png ; D:\Meshes\skeletons\axon_mask.npz,,axon and soma investigation for the hero cell,2926,2026-07-29,9c75150eb340
blender/ca3/skeletons/axon_step12_annotate.py,D:\Meshes\skeletons\axon_step12_annotate.py,ca3,fields,superseded,venv,,,D:\Meshes\skeletons\axon_mask.npz,,axon and soma investigation for the hero cell,3015,2026-07-29,9e608dca6e7c
blender/ca3/skeletons/axon_step1_mesh.py,D:\Meshes\skeletons\axon_step1_mesh.py,ca3,fields,superseded,venv,scipy,,D:\Meshes\hero\hero_648518346438632877.obj ; D:\Meshes\skeletons\648518346438632877.npz ; D:\Meshes\skeletons\_hero_faces.npy ; D:\Meshes\skeletons\_hero_vert2node.npz ; D:\Meshes\skeletons\_hero_verts.npy,"Step 1: parse hero OBJ vertices + faces, cache as npy. Also compute",axon and soma investigation for the hero cell,1843,2026-07-29,c8df2e45e55b
blender/ca3/skeletons/axon_step2_metrics.py,D:\Meshes\skeletons\axon_step2_metrics.py,ca3,fields,superseded,venv,scipy,,D:\Meshes\renders\hero_outgoing.npy ; D:\Meshes\skeletons\648518346438632877.npz ; D:\Meshes\skeletons\_hero_faces.npy ; D:\Meshes\skeletons\_hero_vert2node.npz ; D:\Meshes\skeletons\_hero_verts.npy ; D:\Meshes\skeletons\_node_metrics.npz ; D:\Meshes\skeletons\_syn_diag.npz,"Step 2: per-node geometric metrics, graph structure, synapse diagnostics.",axon and soma investigation for the hero cell,4940,2026-07-29,3dc2ed173e5f
blender/ca3/skeletons/axon_step3_topo.py,D:\Meshes\skeletons\axon_step3_topo.py,ca3,fields,superseded,venv,scipy,,D:\Meshes\renders\hero_outgoing.npy ; D:\Meshes\skeletons\648518346438632877.npz ; D:\Meshes\skeletons\_node_metrics.npz ; D:\Meshes\skeletons\_subtrees.npz,"Step 3: diagnose the parent tree, build a clean BFS tree from soma,",axon and soma investigation for the hero cell,5228,2026-07-29,45d4c0b76cc3
blender/ca3/skeletons/axon_step4_partition.py,D:\Meshes\skeletons\axon_step4_partition.py,ca3,fields,superseded,venv,scipy,,D:\Meshes\renders\hero_outgoing.npy ; D:\Meshes\skeletons\648518346438632877.npz ; D:\Meshes\skeletons\_node_metrics.npz ; D:\Meshes\skeletons\_partition.npz,Step 4: build the axon mask from the descending/ascending partition,axon and soma investigation for the hero cell,8399,2026-07-29,0e06e7e78ee5
blender/ca3/skeletons/axon_step5_decisive.py,D:\Meshes\skeletons\axon_step5_decisive.py,ca3,fields,superseded,venv,scipy,,D:\Meshes\renders\hero_incoming_raw.npy ; D:\Meshes\renders\hero_outgoing.npy ; D:\Meshes\renders\hero_synapses.npy ; D:\Meshes\skeletons\648518346438632877.npz ; D:\Meshes\skeletons\_dens.npz ; D:\Meshes\skeletons\_node_metrics.npz ; D:\Meshes\skeletons\_partition.npz ; D:\Meshes\skeletons\_syncounts.npz,Step 5: the decisive test. Incoming synapse density (dendritic marker),axon and soma investigation for the hero cell,5281,2026-07-29,306a7dbeb5e2
blender/ca3/skeletons/axon_step6_hunt.py,D:\Meshes\skeletons\axon_step6_hunt.py,ca3,fields,superseded,venv,scipy,,D:\Meshes\renders\hero_incoming_raw.npy ; D:\Meshes\renders\hero_outgoing.npy ; D:\Meshes\renders\hero_synapses.npy ; D:\Meshes\skeletons\648518346438632877.npz ; D:\Meshes\skeletons\_hero_vert2node.npz ; D:\Meshes\skeletons\_hero_verts.npy ; D:\Meshes\skeletons\_mesh_assign.npz ; D:\Meshes\skeletons\_node_metrics.npz,"Step 6: mesh-accurate synapse assignment, primary-process characterisation,",axon and soma investigation for the hero cell,5636,2026-07-29,792ea0af685d
blender/ca3/skeletons/axon_step7_view.py,D:\Meshes\skeletons\axon_step7_view.py,ca3,fields,superseded,venv,pandas matplotlib,,D:\Meshes\renders\hero_incoming_raw.npy ; D:\Meshes\renders\hero_outgoing_requery.pkl ; D:\Meshes\renders\hero_synapses.npy ; D:\Meshes\skeletons\648518346438632877.npz ; D:\Meshes\skeletons\_axon_view_xy.png ; D:\Meshes\skeletons\_mesh_assign.npz ; D:\Meshes\skeletons\_node_metrics.npz ; D:\Meshes\skeletons\_partition.npz,Step 7: look at the cell. Project the skeleton in OBJ x-y (frame axes) and,axon and soma investigation for the hero cell,3147,2026-07-29,a5ac414574c1
blender/ca3/skeletons/axon_step8_radius.py,D:\Meshes\skeletons\axon_step8_radius.py,ca3,fields,superseded,venv,scipy,,D:\Meshes\skeletons\648518346438632877.npz ; D:\Meshes\skeletons\_hero_verts.npy ; D:\Meshes\skeletons\_mesh_assign.npz ; D:\Meshes\skeletons\_node_metrics.npz ; D:\Meshes\skeletons\_partition.npz ; D:\Meshes\skeletons\_radius_slab.npz,Step 8: proper cross-sectional radius (slab method) + hunt for the true axon:,axon and soma investigation for the hero cell,5144,2026-07-29,88d5cb095b83
blender/ca3/skeletons/axon_step9_trunks.py,D:\Meshes\skeletons\axon_step9_trunks.py,ca3,fields,superseded,venv,pandas scipy,,D:\Meshes\renders\hero_outgoing_requery.pkl ; D:\Meshes\skeletons\648518346438632877.npz ; D:\Meshes\skeletons\_hero_vert2node.npz ; D:\Meshes\skeletons\_hero_verts.npy ; D:\Meshes\skeletons\_mesh_assign.npz ; D:\Meshes\skeletons\_node_metrics.npz ; D:\Meshes\skeletons\_radius_slab.npz,"Step 9: enumerate the trunks crossing a shell around the soma, and score each",axon and soma investigation for the hero cell,4631,2026-07-29,e78f425d4f09
blender/ca3/skeletons/bbox_check.py,D:\Meshes\skeletons\bbox_check.py,ca3,fields,superseded,venv,,,D:\Meshes\hero\fibre_648518346432881590.obj ; D:\Meshes\hero\hero_648518346438632877.obj ; D:\Meshes\thorny pyramidals ca3 250\648518346438632877.obj,,axon and soma investigation for the hero cell,1485,2026-07-29,223b6d6e5bda
blender/ca3/skeletons/blob_hunt.py,D:\Meshes\skeletons\blob_hunt.py,ca3,fields,superseded,venv,scipy,,D:\Meshes\hero\hero_648518346438632877.obj ; D:\Meshes\skeletons\648518346438632877.npz,Find the largest inscribed sphere in the hero mesh -> locates a soma if one exists.,axon and soma investigation for the hero cell,2121,2026-07-29,d19d60c1460c
blender/ca3/skeletons/crosscheck.py,D:\Meshes\skeletons\crosscheck.py,ca3,fields,superseded,venv,meshparty trimesh,,D:\Meshes\hero\hero_648518346438632877.obj ; D:\Meshes\skeletons\_soma.json ; D:\Meshes\thorny pyramidals ca3 250\648518346438632877.obj,Independent checks on how much cable the hero mesh actually contains.,axon and soma investigation for the hero cell,2619,2026-07-29,043af17cedce
blender/ca3/skeletons/fetch2.py,D:\Meshes\skeletons\fetch2.py,ca3,fields,superseded,venv,caveclient,,D:\Meshes\skeletons,,axon and soma investigation for the hero cell,2133,2026-07-29,955bf2306546
blender/ca3/skeletons/fetch4.py,D:\Meshes\skeletons\fetch4.py,ca3,fields,superseded,venv,caveclient,,D:\Meshes\skeletons,,axon and soma investigation for the hero cell,2246,2026-07-29,60e66eb4bf0a
blender/ca3/skeletons/finalize.py,D:\Meshes\skeletons\finalize.py,ca3,fields,current,venv,pandas scipy,,D:\Meshes\renders\mf_synapses.csv ; D:\Meshes\skeletons,Assemble canonical skeletons + ap_paths.json + report.json.,builds the canonical skeleton .npz files,9660,2026-07-29,6f35cfbf37ee
blender/ca3/skeletons/find_soma.py,D:\Meshes\skeletons\find_soma.py,ca3,fields,superseded,venv,pandas scipy,,D:\Meshes\renders\mf_synapses.csv ; D:\Meshes\skeletons\648518346438632877.npz ; D:\Meshes\thorny pyramidals ca3 250\648518346438632877.obj,decimated hero mesh vertices (uniform decimation -> vertex count ~ surface area),axon and soma investigation for the hero cell,1616,2026-07-29,41906ec4befe
blender/ca3/skeletons/hero_meshparty.py,D:\Meshes\skeletons\hero_meshparty.py,ca3,fields,current,venv,meshparty trimesh,,D:\Meshes\hero\hero_648518346438632877.obj ; D:\Meshes\skeletons\648518346438632877_meshparty.npz ; D:\Meshes\skeletons\_soma.json,"Dense skeleton of the hero cell with meshparty, from the NATIVE mesh.",builds the canonical skeleton .npz files,1952,2026-07-29,391875a6c045
blender/ca3/skeletons/mf_meshparty.py,D:\Meshes\skeletons\mf_meshparty.py,ca3,fields,current,venv,meshparty trimesh,,D:\Meshes\skeletons,Fallback: skeletonize the 6 mossy-fibre meshes locally with meshparty.,builds the canonical skeleton .npz files,1701,2026-07-29,ba86e2e61dc1
blender/ca3/skeletons/probe_cave.py,D:\Meshes\skeletons\probe_cave.py,ca3,fields,superseded,venv,caveclient,,,,axon and soma investigation for the hero cell,1402,2026-07-29,3788055887a8
blender/ca3/skeletons/recenter.py,D:\Meshes\skeletons\recenter.py,ca3,fields,current,venv,scipy,,D:\Meshes\hero\hero_648518346438632877.obj ; D:\Meshes\skeletons\648518346438632877_meshparty.npz,Move meshparty skeleton nodes onto the tube axis.,builds the canonical skeleton .npz files,2804,2026-07-29,5960b458af0e
blender/ca3/skeletons/soma_center.py,D:\Meshes\skeletons\soma_center.py,ca3,fields,superseded,venv,scipy,,D:\Meshes\hero\hero_648518346438632877.obj ; D:\Meshes\skeletons\648518346438632877.npz ; D:\Meshes\skeletons\_soma.json,,axon and soma investigation for the hero cell,1514,2026-07-29,c2859310df1d
blender/ca3/skeletons/soma_final.py,D:\Meshes\skeletons\soma_final.py,ca3,fields,superseded,venv,scipy,,D:\Meshes\hero\hero_648518346438632877.obj ; D:\Meshes\renders\mf_synapses.csv ; D:\Meshes\skeletons\648518346438632877.npz ; D:\Meshes\thorny pyramidals ca3 250\648518346438632877.obj,--- where do the 165 MF synapses land? (raw CSV coords) ---,axon and soma investigation for the hero cell,2398,2026-07-29,bd9f1d8ab8b5
blender/ca3/skeletons/soma_radius.py,D:\Meshes\skeletons\soma_radius.py,ca3,fields,superseded,venv,scipy,,D:\Meshes\hero\hero_648518346438632877.obj ; D:\Meshes\skeletons\648518346438632877.npz ; D:\Meshes\skeletons\_hero_localR.npy,,axon and soma investigation for the hero cell,1172,2026-07-29,f9d77adf582e
blender/ca3/skeletons/validate.py,D:\Meshes\skeletons\validate.py,ca3,fields,current,venv,,,D:\Meshes\skeletons,Final validation of ap_paths.json against the npz files.,builds the canonical skeleton .npz files,1922,2026-07-29,dc4ad8e3b571
blender/ca3/skeletons/verify_mf.py,D:\Meshes\skeletons\verify_mf.py,ca3,fields,current,venv,pandas scipy,,D:\Meshes\renders\mf_synapses.csv,"Verify the meshparty MF skeletons: bbox agreement with the OBJ, connectivity,",builds the canonical skeleton .npz files,2255,2026-07-29,581f8d65c65a
blender/ca3/skeletons/vol_test.py,D:\Meshes\skeletons\vol_test.py,ca3,fields,superseded,venv,scipy,,D:\Meshes\hero\hero_648518346438632877.obj ; D:\Meshes\skeletons\648518346438632877.npz,,axon and soma investigation for the hero cell,1396,2026-07-29,3c2160bb7561
blender/ca3/sweep_readout.py,D:\Meshes\sweep_readout.py,ca3,encode,current,venv,PIL,band frames src,D:\Meshes\gradient ; D:\Meshes\renders\_sweep_dim.png ; D:\Meshes\renders\_sweep_readout_test.png ; D:\Meshes\renders\gradient_sample.csv ; D:\Meshes\renders\sweep_frames,Composite the live readout onto the gradient sweep frames.,post passes in Pillow,6919,2026-07-29,16cbfe772ac1
blender/ca3/synapse_story.py,D:\Meshes\synapse_story.py,ca3,animate,current,Blender 4.4,,camdist frames out res samples shifty start still synemit turns,D:\Meshes\ca3_animation.py ; D:\Meshes\ca3_scene.blend ; D:\Meshes\renders\synapse_story.mp4,"The synapse story, paced to be watched rather than skimmed.",,6741,2026-07-29,ec9a40ba14f0
blender/ca3/volume_diagram.py,D:\Meshes\volume_diagram.py,ca3,animate,current,Blender 4.4,,az camdist cellglow elev emstrength out res samples,D:\Meshes\ca3_animation.py ; D:\Meshes\hero\hero_648518346438632877.obj ; D:\Meshes\renders\_vol_proj.json ; D:\Meshes\renders\em_plane.png ; D:\Meshes\renders\em_registration.json ; D:\Meshes\renders\volume_diagram.png,A scale diagram of the reconstructed volume.,,11270,2026-07-30,c56441fe704f
blender/common/_purple_swatch.py,D:\Meshes\_purple_swatch.py,all,light,scratch,Blender 4.4,,out,D:\Meshes\ca3_animation.py ; D:\Meshes\renders\_purple_swatch.png,Colour check for the partner purple.,worked example of choosing a colour in the render rather than the picker,3001,2026-07-29,f96556f73d3b
blender/common/ca3_animation.py,D:\Meshes\ca3_animation.py,all,"import, light, encode",current,Blender 4.4,,,C:\Users\amyle\Documents\cyclorama_hard_light_4k.hdr ; C:\Users\amyle\meshparty ; D:\Meshes,CA3 connectivity animation: presynaptic deep/superficial pyramidal cells plus their,"THE core module. Materials, world, lights, camera, render settings. Every project's scripts exec it from D:\Meshes\ca3_animation.py",43125,2026-08-01,07b92a5cbc76
blender/common/caption_video.py,D:\Meshes\caption_video.py,all,encode,current,venv,PIL,crf,,"Burn timed captions onto a rendered sequence, in the house HUD idiom.","burns timed captions from a JSON spec onto frames, then encodes",4405,2026-07-30,5f38912cede8
blender/common/framecheck.py,D:\Meshes\framecheck.py,all,qc,current,venv,PIL,pct thresh,,Measure framing instead of eyeballing it.,measures height fill and clipping of a still; runs in the venv,2318,2026-07-30,58cb35960923
blender/fafb/epg_layers_webp.py,D:\Meshes\epg_layers_webp.py,fafb,encode,current,venv,PIL,,D:\Meshes\renders\epg,"Encode the EPG base and heading overlays to WebP, and audit the whole set.",,3881,2026-07-31,394fa6e3db85
blender/fafb/epg_manifest.py,D:\Meshes\epg_manifest.py,fafb,encode,current,venv,PIL,,D:\Meshes\banc\epg_angles.json ; D:\Meshes\banc\epg_camera.json ; D:\Meshes\banc\epg_sectors.json ; D:\Meshes\epg_ring_poster.py ; D:\Meshes\renders\epg\cells ; D:\Meshes\renders\epg\epg-manifest.json,Build the EPG manifest and verify it against the pixels that were actually rendered.,,6849,2026-07-31,0f1b28f7b502
blender/fafb/epg_ring_poster.py,D:\Meshes\epg_ring_poster.py,fafb,animate,current,Blender 4.4,,basesat baseval denoise device emit exclude fill huedir hueoffset light meshes out samples sat savecam val ydir zdir,C:\Users\amyle\meshparty\EPG ; D:\Meshes\banc\epg_angles.json ; D:\Meshes\banc\epg_camera.json ; D:\Meshes\banc\epg_sectors.json ; D:\Meshes\renders\epg\epg-ring.png,"Render the 54 FAFB EPG compass neurons, frontal view, transparent background.",54 FAFB EPG cells from the meshparty library; not one of the four projects,19596,2026-07-31,b854c37c26d4
blender/microns/data/microns_area.json,D:\Meshes\renders\microns_area.json,microns,data,current,,,,,,lives at D:\Meshes\renders\ in production,1351,2026-07-30,5328227e1ae5
blender/microns/data/microns_celltypes.csv,D:\Meshes\renders\microns_celltypes.csv,microns,data,current,,,,,,lives at D:\Meshes\renders\ in production,2332,2026-07-31,9198902bd54c
blender/microns/data/microns_idmap.json,D:\Meshes\renders\microns_idmap.json,microns,data,current,,,,,,lives at D:\Meshes\renders\ in production,1596,2026-07-30,c6fa5947832a
blender/microns/data/microns_somas.csv,D:\Meshes\renders\microns_somas.csv,microns,data,current,,,,,,lives at D:\Meshes\renders\ in production,2149,2026-07-30,9142082bc678
blender/microns/microns_column.py,D:\Meshes\microns_column.py,microns,animate,current,Blender 4.4,,az0 az1 camdist camnear colour el0 el1 frames glow huejit litjit out samples shifty src view,D:\Meshes\ca3_animation.py ; D:\Meshes\microns ; D:\Meshes\microns_scene.blend ; D:\Meshes\renders\microns_celltypes.csv ; D:\Meshes\renders\microns_column.png ; D:\Meshes\renders\microns_somas.csv,A core through cortex: proofread MICrONS neurons coloured by cortical depth.,stills and the orbit; one Blender unit per micrometre,18413,2026-07-31,c2a01e657525
blender/microns/microns_overlay.py,D:\Meshes\microns_overlay.py,microns,encode,current,venv,PIL,frames out types,D:\Meshes\renders\microns_celltypes.csv ; D:\Meshes\renders\microns_orbit_type_frames ; D:\Meshes\renders\microns_orbit_type_ov,Burn a cell-type legend onto the cortex orbit frames.,,5957,2026-08-02,d842c6b4664d
blender/retina/retina_bookend.py,D:\Meshes\retina_bookend.py,retina,encode,current,venv,PIL,dissolve fade hold out seq,D:\Meshes\renders ; D:\Meshes\renders\retina_ds364_final ; D:\Meshes\renders\retina_ds364_overlay,"Assemble the retina film: the opening stages, the sweeps, and a closing fade.",,4434,2026-08-03,2dae7683091f
blender/retina/retina_ds_anim.py,D:\Meshes\retina_ds_anim.py,retina,animate,current,Blender 4.4,,anat_glow anatomy bar frames meshdir out overlay res samples stages still stills,D:\Meshes\.venv\Scripts\python.exe ; D:\Meshes\ca3_animation.py ; D:\Meshes\renders\retina_anatomy.png ; D:\Meshes\renders\retina_ds.mp4 ; D:\Meshes\renders\retina_stage.png ; D:\Meshes\retina ; D:\Meshes\retina_overlay.py,"Retina: direction selectivity, measured.",,27645,2026-08-03,da8658afa15a
blender/retina/retina_overlay.py,D:\Meshes\retina_overlay.py,retina,encode,current,venv,PIL,frames out total,D:\Meshes\renders\retina_ds2_frames ; D:\Meshes\renders\retina_ds2_overlay ; D:\Meshes\retina\functional_cells.csv ; D:\Meshes\retina\meshes_clean,Composite the readout overlays onto the retina frames.,,12235,2026-07-31,bbf3719c8f69
blender/retina/retina_stage_overlay.py,D:\Meshes\retina_stage_overlay.py,retina,encode,current,venv,PIL,,D:\Meshes\renders ; D:\Meshes\retina\functional_cells.csv ; D:\Meshes\retina\meshes_clean,Label each opening stage with the key that is actually true of it.,,8289,2026-08-03,e89f7c11c347
blender/retina/retina_strat_anim.py,D:\Meshes\retina_strat_anim.py,retina,animate,current,Blender 4.4,,build colour frames glow mode out push res samples still stills,D:\Meshes\ca3_animation.py ; D:\Meshes\retina,"Retina: where each cell puts its dendrites, and why that is the answer.",,15982,2026-07-31,e271c520d3ef
decimate/banc/banc_walkingsteering_decimate.py,D:\Meshes\banc_walkingsteering_decimate.py,banc,decimate,current,venv,pymeshlab,,D:\Meshes\banc\walking_steering ; D:\Meshes\banc\walking_steering_dec ; D:\Meshes\banc\walking_steering_ids.json,Decimate the 81 walking+steering meshes to a density the poster can actually use.,10 faces per um2 for a 1 um per pixel poster; has a plan mode,3970,2026-07-31,13d12397be38
decimate/ca3/ca3_layers_decimate.py,D:\Meshes\ca3_layers_decimate.py,ca3,decimate,superseded,venv,caveclient meshparty pymeshlab,,D:\Meshes,Phase 2: smooth + decimate the CA3 meshes to 40% of their original face count.,"flat 40 percent, bridged branches; replaced by the hq pass",4179,2026-07-28,74bd538d0404
decimate/ca3/decimate_partners_lite.py,D:\Meshes\decimate_partners_lite.py,ca3,decimate,one-off,venv,pymeshlab,,D:\Meshes\partners ; D:\Meshes\partners_lite,Re-decimate the 56 partner cells down to the density the rest of the,repair for the keep-floor mistake in download_partners.py,3002,2026-07-29,ed341a3105d6
decimate/ca3/meshparty_decimate.py,D:\Meshes\meshparty_decimate.py,ca3,decimate,superseded,venv,pymeshlab,,C:\Users\amyle\meshparty ; D:\Meshes,Smooth + decimate the meshparty hippocampal folders to 40% of their face count.,"flat 40 percent, bridged branches; replaced by the hq pass",7281,2026-07-28,3b990fd8a395
decimate/ca3/meshparty_decimate_hq.py,D:\Meshes\meshparty_decimate_hq.py,ca3,decimate,current,venv,pymeshlab,,C:\Users\amyle\meshparty ; D:\Meshes\hq,Higher-quality re-decimation of the meshparty hippocampal folders.,"the good pass for the legacy CA3 folders: strip components, area density, keep floor",8210,2026-07-28,573319856605
decimate/ca3/smooth-decimate-40pct.mlx,D:\Meshes\smooth-decimate-40pct.mlx,ca3,decimate,superseded,,,,,,"flat 40 percent, bridged branches; replaced by the hq pass",3743,2026-07-28,5934295b7c71
decimate/common/mesh_budget_ladder.py,D:\Meshes\mesh_budget_ladder.py,any,decimate,current,venv,pymeshlab,budgets cell dir out,D:\Meshes\retina\clean_test ; D:\Meshes\retina\meshes_full,"How far can a cell be decimated before its dendrites break? Measure, do not guess.",the measurements behind the faces per um2 rule,3660,2026-07-31,f5618232c9ae
decimate/common/mesh_clean.py,D:\Meshes\mesh_clean.py,any,decimate,current,venv,pymeshlab,ao apply bbox-tol debris dir min-keep minfaces n target-mb,D:\Meshes\retina\meshes,"Clean a connectomics mesh before decimating it. Debris, then interior, then decimate.",interior removal by ambient occlusion; component removal is OFF by default on purpose,7577,2026-07-31,fa06e0626eed
decimate/common/mesh_clean_normals.py,D:\Meshes\mesh_clean_normals.py,any,decimate,superseded,venv,pymeshlab,,,Test the hypothesis: ambient occlusion is useless here because the normals are wrong.,probes whose conclusions are folded into mesh_clean.py and the playbook,2010,2026-07-31,dc8f5c229199
decimate/common/mesh_clean_sweep.py,D:\Meshes\mesh_clean_sweep.py,any,decimate,superseded,venv,pymeshlab,,,Find an ambient-occlusion threshold that removes interior without eating surface.,probes whose conclusions are folded into mesh_clean.py and the playbook,2783,2026-07-31,dedbf6a166d6
decimate/common/mesh_clean_sweep2.py,D:\Meshes\mesh_clean_sweep2.py,any,decimate,superseded,venv,pymeshlab,,,"Sweep ambient occlusion on its ACTUAL scale, and verify by rendering.",probes whose conclusions are folded into mesh_clean.py and the playbook,2277,2026-07-31,385a08aba015
decimate/common/mesh_clean_variants.py,D:\Meshes\mesh_clean_variants.py,any,decimate,current,venv,pymeshlab,cell minfaces out src,D:\Meshes\retina\clean_test ; D:\Meshes\retina\meshes ; D:\Meshes\retina\meshes_full,Produce cleaning variants of one cell so a RENDER can decide between them.,the measurements behind the faces per um2 rule,5366,2026-07-31,d4e5e61291d2
decimate/common/mesh_clean_verify.py,D:\Meshes\mesh_clean_verify.py,any,decimate,superseded,venv,pymeshlab,,,"Does cleaning change what you can SEE? Silhouette test, no GPU needed.",probes whose conclusions are folded into mesh_clean.py and the playbook,2273,2026-07-31,5a46994b1e8e
decimate/common/mesh_compare_render.py,D:\Meshes\mesh_compare_render.py,any,qc,current,Blender 4.4,,out res samples zoom,D:\Meshes\renders\cmp,Render two mesh variants from an IDENTICAL camera so a person can judge them.,renders two variants from one camera so a person can judge them,5560,2026-07-31,d10336f82c47
decimate/common/mesh_dust_ao.py,D:\Meshes\mesh_dust_ao.py,any,decimate,current,venv,pymeshlab trimesh,cell dir minfaces,D:\Meshes\retina\meshes_full,"Are the dust pieces INSIDE the cell? Visibility, not topology, is the test.","evidence that the dust is enclosed inner shells, not litter",4552,2026-07-31,99121e01d643
decimate/common/mesh_dust_probe.py,D:\Meshes\mesh_dust_probe.py,any,decimate,current,venv,trimesh,cell dir minfaces,D:\Meshes\retina\meshes_full,"Is the small-component ""dust"" really dust, on FULL RESOLUTION meshes?","evidence that the dust is enclosed inner shells, not litter",4635,2026-07-31,a3815bdc7ed7
decimate/common/mesh_pipeline_test.py,D:\Meshes\mesh_pipeline_test.py,any,decimate,current,venv,pymeshlab,cell dir out target,D:\Meshes\retina\clean_test ; D:\Meshes\retina\meshes_full,"The cleaning pipeline, and the variants that let a render judge it.",the measurements behind the faces per um2 rule,5062,2026-07-31,01bc6467b6dd
decimate/microns/decimate_microns.py,D:\Meshes\decimate_microns.py,microns,decimate,superseded,venv,pymeshlab,faces workers,C:\Users\amyle\meshparty ; D:\Meshes\microns,Decimate the MICrONS cells to something renderable.,flat face count gave an 8x density spread,3777,2026-07-30,0e91b6329563
decimate/microns/decimate_microns_area.py,D:\Meshes\decimate_microns_area.py,microns,decimate,current,venv,pymeshlab,density dst workers,C:\Users\amyle\meshparty ; D:\Meshes\microns_area ; D:\Meshes\renders\microns_area.json,"Decimate the MICrONS cells to a constant face density, not a constant face count.",100 faces per um2; reads renders/microns_area.json,3856,2026-07-30,3e4fc7cb2042
decimate/retina/retina_build_library.py,D:\Meshes\retina_build_library.py,retina,decimate,current,venv,pymeshlab pandas,ds-density ghost-density min-faces out src workers,D:\Meshes\retina\functional_cells.csv ; D:\Meshes\retina\meshes_clean ; D:\Meshes\retina\meshes_full,Build the render-ready retina mesh library from full resolution.,"clean then decimate to a density, two budgets (35 and 6 faces per um2)",7978,2026-07-31,0c6cf31693a2
decimate/retina/retina_decimate.py,D:\Meshes\retina_decimate.py,retina,decimate,superseded,venv,pymeshlab,,D:\Meshes\retina\meshes ; D:\Meshes\retina\meshes_full,Bring the freshly downloaded retina meshes down to the weight of the ones that,"earlier attempts, kept for the reasoning in their headers",2771,2026-07-31,5b77da10308f
decimate/retina/retina_soma_clean.py,D:\Meshes\retina_soma_clean.py,retina,decimate,superseded,venv,pymeshlab,apply minfaces n,D:\Meshes\retina\meshes_raw,Find and remove the hidden geometry inside these cells.,"earlier attempts, kept for the reasoning in their headers",3146,2026-07-31,7fe2da56d54b
decimate/retina/retina_soma_probe.py,D:\Meshes\retina_soma_probe.py,retina,decimate,superseded,venv,pymeshlab,,,"Do these meshes really carry hidden polygons inside the somas, and how many?","earlier attempts, kept for the reasoning in their headers",2355,2026-07-31,7a6e1df40fb8
download/banc/banc_download.py,D:\Meshes\banc_download.py,banc,download,current,venv,caveclient cloudvolume,,D:\Meshes\banc,"Download a BANC cast to OBJ, resumable, with the worker pool capped at 4.","CAVE graphene source, needs the token; OBJ in nanometres",3012,2026-07-30,a3c45435f4c6
download/banc/banc_walkingsteering_download.py,D:\Meshes\banc_walkingsteering_download.py,banc,download,current,venv,cloudvolume,,D:\Meshes\banc\walking_steering ; D:\Meshes\banc\walking_steering_ids.json,Download the 81 BANC walking+steering neurons from the PUBLIC precomputed bucket.,"public precomputed bucket, no token; OBJ in nanometres",4167,2026-07-31,500256ff21b6
download/ca3/ca3_layers_download.py,D:\Meshes\ca3_layers_download.py,ca3,download,current,venv,caveclient meshparty,,D:\Meshes,Phase 1: download full-resolution CA3 pyramidal meshes from CAVE (zheng_ca3).,meshparty MeshMeta into an .h5 cache; decimation is a separate phase,2744,2026-07-28,aed3b49ff9d8
download/ca3/download_gradient.py,D:\Meshes\download_gradient.py,ca3,download,current,venv,caveclient meshparty pymeshlab pandas,,D:\Meshes\_cache_grad ; D:\Meshes\gradient ; D:\Meshes\renders\gradient_sample.csv,Download + decimate the proximodistal-gradient sample into D:\Meshes\gradient\.,"download and decimate in one pass, area-based target, no keep-floor. Reads renders/gradient_sample.csv, which is not in this repo",7282,2026-07-29,6f3a83ced449
download/ca3/download_hero.py,D:\Meshes\download_hero.py,ca3,download,current,venv,caveclient meshparty,,D:\Meshes\_cache_zheng_ca3 ; D:\Meshes\hero ; D:\Meshes\renders\hero_ids.txt,Pull the hero thorny cell and its mossy fibres from CAVE at full resolution.,"native resolution, no decimation, for close ups",2046,2026-07-29,39dbf5b7c4e7
download/ca3/download_partners.py,D:\Meshes\download_partners.py,ca3,download,superseded,venv,caveclient meshparty pymeshlab pandas,,D:\Meshes\_cache_zheng_ca3 ; D:\Meshes\partners ; D:\Meshes\renders\mf_synapses.csv,Download the cells that the hero's 6 mossy fibres also contact.,its 0.40 keep-floor won on every cell; use download_gradient.py as the pattern,3541,2026-07-29,c315cb1aceb1
download/ca3/pull_em_slice.py,D:\Meshes\pull_em_slice.py,ca3,download,current,venv,cloudvolume pandas PIL,,D:\Meshes\renders\em_slice.png,One EM cross-section covering the reconstructed footprint.,"one EM plane from the public precomputed image volume, for a background plate",2643,2026-07-30,dab1eb82f0d6
download/ca3/pull_synapses.py,D:\Meshes\pull_synapses.py,ca3,download,current,venv,caveclient pandas requests,,D:\Meshes\syn_chunks,Pull the ENTIRE synapses_ca3_v1 table (36.8M rows) from CAVE mat 671.,whole synapse table by id-range chunks; the source of every synapse point cloud,3615,2026-07-29,0be1444cce58
download/ca3/redownload_population.py,D:\Meshes\redownload_population.py,ca3,download,current,venv,caveclient meshparty pymeshlab,,C:\Users\amyle\meshparty ; D:\Meshes\_cache_zheng_ca3 ; D:\Meshes\hq,Re-download a meshparty population from CAVE at full resolution.,"re-pull a legacy population from CAVE at full resolution, decimate by area",4407,2026-07-28,7ab474baa75a
download/retina/retina_download.py,D:\Meshes\retina_download.py,retina,download,current,venv,caveclient cloudvolume pandas,,D:\Meshes\retina\functional_cells.csv ; D:\Meshes\retina\meshes_full,Download the calcium-imaged cells that have no mesh staged yet.,"CAVE, full resolution, retries 502/503/504",3948,2026-07-31,b63168436f5a
download/retina/retina_functional_table.py,D:\Meshes\retina_functional_table.py,retina,select,current,venv,pandas,,D:\Meshes\retina ; D:\Meshes\retina\functional,"Build one row per cell: mesh, cell type, direction tuning, and the bar tuning curve.","builds functional_cells.csv, the table every retina script reads",4186,2026-07-30,13b50abadd69
download/retina/retina_stage_meshes.py,D:\Meshes\retina_stage_meshes.py,retina,download,superseded,venv,pandas,,D:\Meshes\retina\functional\joined.csv ; D:\Meshes\retina\mesh_paths.json ; D:\Meshes\retina\meshes,Copy the calcium-imaged cell meshes out of the read-only meshparty library.,"copied the meshparty downsampled library, which turned out unusable as a source",1425,2026-07-30,8d27da238087
notes/ORGANISATION.md,D:\Meshes\ORGANISATION.md,all,notes,current,,,,,,,3856,2026-07-30,ade3400bba61
notes/RENDERING_NEURONS.md,D:\Meshes\RENDERING_NEURONS.md,all,notes,current,,,,,,,29564,2026-08-03,4d3cfc6912ce
notes/banc/BANC_ANIMATION_IDEAS.md,D:\Meshes\BANC_ANIMATION_IDEAS.md,banc,notes,current,,,,,,,8983,2026-07-30,671d7ff2e1a5
notes/banc/BANC_ASSET_HANDOFF.md,D:\Meshes\BANC_ASSET_HANDOFF.md,banc,notes,current,,,,,,,8874,2026-08-01,51dfaeced33c
notes/banc/BANC_RENDER_HANDOFF.md,D:\Meshes\BANC_RENDER_HANDOFF.md,banc,notes,current,,cloudvolume,,,,,19221,2026-08-03,5eec3b7e6c7f
notes/banc/BANC_WALKING_STEERING_POSTER.md,D:\Meshes\BANC_WALKING_STEERING_POSTER.md,banc,notes,current,,,,,,,12329,2026-07-31,eb5d8593d8dd
notes/banc/BE_THE_FLY_NEURON_RESEARCH_BRIEF.md,D:\Meshes\BE_THE_FLY_NEURON_RESEARCH_BRIEF.md,banc,notes,current,,,,,,,8547,2026-08-01,0857d080f793
notes/banc/HANDOFF_grooming_batch.md,D:\Meshes\HANDOFF_grooming_batch.md,banc,notes,current,,,,,,,4009,2026-08-01,70df2463b9df
notes/brain/HAIRY_BRAIN_RECIPE.md,D:\Meshes\HAIRY_BRAIN_RECIPE.md,brain,notes,current,,,,C:\Program Files\Blender Foundation\Blender 4.4\blender.exe,,,7612,2026-09-05,760906538493
notes/ca3/STORYBOARD_inhibition.md,D:\Meshes\STORYBOARD_inhibition.md,ca3,notes,current,,,,,,,9108,2026-07-29,7b9428a7dffd
