mesh_id,current_id,class,cell_type
864691134153913870,864691134153913870,,
864691135135706137,864691135135706137,excitatory_neuron,23P
864691135142871711,864691135142871711,,
864691135162908461,864691135162908461,excitatory_neuron,4P
864691135341644721,864691136664082654,excitatory_neuron,23P
864691135382556378,864691135382556378,excitatory_neuron,5P-ET
864691135462420637,864691135462420637,excitatory_neuron,4P
864691135463863102,864691135375767369,excitatory_neuron,5P-IT
864691135478279110,864691136391367696,nonneuron,oligo
864691135491205735,864691135801604706,excitatory_neuron,4P
864691135497743635,864691135497743635,excitatory_neuron,4P
864691135517531786,864691135517531786,excitatory_neuron,23P
864691135572530981,864691135572530981,excitatory_neuron,5P-ET
864691135593659947,864691135593659947,excitatory_neuron,4P
864691135697613077,864691135697613077,excitatory_neuron,5P-ET
864691135700409211,864691135700409211,excitatory_neuron,4P
864691135701624699,864691135701624699,excitatory_neuron,23P
864691135737446276,864691135970210661,excitatory_neuron,5P-IT
864691135737987204,864691135737987204,excitatory_neuron,23P
864691135782544435,864691135782544435,excitatory_neuron,5P-ET
864691135809608652,864691135809608652,excitatory_neuron,5P-IT
864691135915343462,864691135915343462,excitatory_neuron,4P
864691135919645872,864691135919645872,excitatory_neuron,5P-IT
864691135952122147,864691135952122147,excitatory_neuron,23P
864691135975539779,864691135975539779,excitatory_neuron,23P
864691135975633475,864691135975633475,excitatory_neuron,5P-IT
864691136089194039,864691136089194039,excitatory_neuron,5P-ET
864691136137767293,864691135503182685,excitatory_neuron,5P-ET
864691136210344892,864691136210344892,excitatory_neuron,5P-IT
864691136275031565,864691136275031565,excitatory_neuron,5P-IT
864691136312805949,864691136312805949,excitatory_neuron,23P
864691136418607255,864691136418607255,excitatory_neuron,23P
864691136437627038,864691136288592323,excitatory_neuron,5P-ET
864691136521831825,864691136521831825,excitatory_neuron,5P-IT
864691136812081779,864691136812081779,excitatory_neuron,23P
864691136812487795,864691136195694412,excitatory_neuron,6P-IT
864691136912874737,864691135518560979,inhibitory_neuron,MC
864691137019542382,864691137019542382,excitatory_neuron,23P
