mesh_id,root_id,x_um,depth_um,z_um
864691136437627038,864691136288592323,645.376,815.808,935.24
864691135809608652,864691135809608652,1254.016,697.728,1047.84
864691136312805949,864691136312805949,675.776,443.264,953.72
864691136418607255,864691136418607255,671.872,433.792,953.68
864691135341644721,864691136664082654,667.84,428.928,955.2
864691135135706137,864691135135706137,668.032,438.272,960.36
864691137019542382,864691137019542382,688.832,571.2,964.32
864691135737987204,864691135737987204,693.376,583.552,959.32
864691136912874737,864691135518560979,695.616,576.64,964.28
864691135478279110,864691136391367696,693.632,791.552,844.64
864691136812081779,864691136812081779,1329.472,475.264,700.72
864691136812487795,864691136195694412,722.816,910.016,976.92
864691135975633475,864691135975633475,1288.96,704.512,911.68
864691136089194039,864691136089194039,1253.888,759.616,707.68
864691135382556378,864691135382556378,1310.336,760.896,834.8
864691135162908461,864691135162908461,1246.016,629.696,916.72
864691136275031565,864691136275031565,1275.84,676.544,762.36
864691135700409211,864691135700409211,1267.84,625.088,983.2
864691135593659947,864691135593659947,1283.392,621.504,1020.28
864691135975539779,864691135975539779,1330.24,480.128,747.12
864691135701624699,864691135701624699,1311.616,473.664,757.88
864691135517531786,864691135517531786,1372.672,504.832,759.6
864691135497743635,864691135497743635,1329.92,547.072,785.52
864691135491205735,864691135801604706,1347.52,534.464,815.68
864691135572530981,864691135572530981,1365.12,763.456,812.6
864691136210344892,864691136210344892,1328.064,762.624,771.56
864691135952122147,864691135952122147,1378.816,461.376,791.52
864691135462420637,864691135462420637,1301.824,642.624,753.16
864691135782544435,864691135782544435,1280.192,728.832,677.08
864691135915343462,864691135915343462,1329.344,626.112,800.64
864691135919645872,864691135919645872,1350.4,641.6,810.72
864691135697613077,864691135697613077,1308.416,771.392,871.36
864691136521831825,864691136521831825,1298.432,711.744,769.24
864691135463863102,864691135375767369,703.552,798.592,854.96
